{
  "Q10": {
    "query_id": "10",
    "status": "success",
    "execution_time": 8.266014337539673,
    "money_cost": 0.0701479,
    "row_count": 250,
    "model_name": "gemini-2.5-flash",
    "concurrent_llm_worker": 20,
    "precision": 0.5325188921767382,
    "recall": 0.5873700944528434,
    "f1_score": 0.513137157182526
  }
}