{
  "Q1": {
    "query_id": "1",
    "status": "success",
    "execution_time": 1780.8321261405945,
    "token_usage": 55909175,
    "money_cost": 19.793911299999998,
    "row_count": 13467,
    "model_name": "gemini-2.5-flash",
    "concurrent_llm_worker": 20,
    "precision": 0.5454072918987154,
    "recall": 0.9583768267223383,
    "f1_score": 0.6951871657754012
  },
  "Q10": {
    "query_id": "10",
    "status": "success",
    "execution_time": 590.7636144161224,
    "token_usage": 66182525,
    "money_cost": 21.5949245,
    "row_count": 157269,
    "model_name": "gemini-2.5-flash",
    "concurrent_llm_worker": 20,
    "precision": 0.5853849076041905,
    "recall": 0.6373151233228357,
    "f1_score": 0.5719836097103793
  },
  "Q2": {
    "query_id": "2",
    "status": "success",
    "execution_time": 50.451220989227295,
    "token_usage": 116424,
    "money_cost": 0.0986832,
    "row_count": 221,
    "model_name": "gemini-2.5-flash",
    "concurrent_llm_worker": 20,
    "precision": 0.04072398190045249,
    "recall": 1.0,
    "f1_score": 0.07826086956521738
  },
  "Q3": {
    "query_id": "3",
    "status": "success",
    "execution_time": 79.5582709312439,
    "token_usage": 29080106,
    "money_cost": 8.944441,
    "row_count": 10,
    "model_name": "gemini-2.5-flash",
    "concurrent_llm_worker": 20,
    "precision": 1.0,
    "recall": 1.0,
    "f1_score": 1.0
  },
  "Q4": {
    "query_id": "4",
    "status": "success",
    "execution_time": 595.4644296169281,
    "token_usage": 31765284,
    "money_cost": 11.285799,
    "row_count": 1,
    "model_name": "gemini-2.5-flash",
    "concurrent_llm_worker": 20,
    "relative_error": 0.004935590743339792,
    "absolute_error": 0.06636304312200991,
    "mean_absolute_percentage_error": 0.49355907433397916
  },
  "Q5": {
    "query_id": "5",
    "status": "success",
    "execution_time": 193.4093108177185,
    "token_usage": 46794517,
    "money_cost": 14.4567665,
    "row_count": 1,
    "model_name": "gemini-2.5-flash",
    "concurrent_llm_worker": 20,
    "relative_error": 0.7272727272727273,
    "absolute_error": 16.0,
    "mean_absolute_percentage_error": 72.72727272727273
  },
  "Q6": {
    "query_id": "6",
    "status": "success",
    "execution_time": 205.64840626716614,
    "token_usage": 50183905,
    "money_cost": 15.7962943,
    "row_count": 14908,
    "model_name": "gemini-2.5-flash",
    "concurrent_llm_worker": 20,
    "precision": 0.9547893748323047,
    "recall": 0.9634493028292948,
    "f1_score": 0.9590997911191969
  },
  "Q7": {
    "query_id": "7",
    "status": "success",
    "execution_time": 1757.2830505371094,
    "token_usage": 89783461,
    "money_cost": 29.6304685,
    "row_count": 108421,
    "model_name": "gemini-2.5-flash",
    "concurrent_llm_worker": 20,
    "precision": 0.2846680993534463,
    "recall": 0.9700169715255516,
    "f1_score": 0.44016286482362255
  },
  "Q8": {
    "query_id": "8",
    "status": "success",
    "execution_time": 78.58789300918579,
    "token_usage": 26916872,
    "money_cost": 8.277982999999999,
    "row_count": 100,
    "model_name": "gemini-2.5-flash",
    "concurrent_llm_worker": 20,
    "precision": 0.15,
    "recall": 0.15,
    "f1_score": 0.15
  },
  "Q9": {
    "query_id": "9",
    "status": "success",
    "execution_time": 28.400309801101685,
    "token_usage": 768959,
    "money_cost": 0.2563097,
    "row_count": 98,
    "model_name": "gemini-2.5-flash",
    "concurrent_llm_worker": 20,
    "precision": 0.02040816326530612,
    "recall": 1.0,
    "f1_score": 0.039999999999999994
  }
}