{
  "Q10": {
    "query_id": "10",
    "status": "success",
    "execution_time": 111.87116408348083,
    "token_usage": 27386013,
    "money_cost": 8.4285219,
    "row_count": 55,
    "model_name": "gemini-2.5-flash",
    "concurrent_llm_worker": 20,
    "accuracy": 0.08450704225352113,
    "metric_type": "f1-score",
    "precision": 0.05454545454545454,
    "recall": 0.1875,
    "f1_score": 0.08450704225352113
  },
  "Q11": {
    "query_id": "11",
    "status": "success",
    "execution_time": 264.1154148578644,
    "token_usage": 83081247,
    "money_cost": 25.7152279,
    "row_count": 432,
    "model_name": "gemini-2.5-flash",
    "concurrent_llm_worker": 20,
    "accuracy": 0.7549019607843137,
    "metric_type": "f1-score",
    "precision": 0.7129629629629629,
    "recall": 0.8020833333333334,
    "f1_score": 0.7549019607843137
  },
  "Q14": {
    "query_id": "14",
    "status": "success",
    "execution_time": 50.76567459106445,
    "token_usage": 5116178,
    "money_cost": 1.5604944,
    "row_count": 2,
    "model_name": "gemini-2.5-flash",
    "concurrent_llm_worker": 20,
    "accuracy": 0.5,
    "metric_type": "f1-score",
    "precision": 0.5,
    "recall": 0.5,
    "f1_score": 0.5
  },
  "Q7": {
    "query_id": "7",
    "status": "success",
    "execution_time": 300.9632396697998,
    "token_usage": 64319667,
    "money_cost": 21.0886823,
    "row_count": 2567,
    "model_name": "gemini-2.5-flash",
    "concurrent_llm_worker": 20,
    "accuracy": 0.8225147526100772,
    "metric_type": "f1-score",
    "precision": 0.7058823529411765,
    "recall": 0.9853181076672104,
    "f1_score": 0.8225147526100772
  },
  "Q8": {
    "query_id": "8",
    "status": "success",
    "execution_time": 152.4935007095337,
    "token_usage": 132385584,
    "money_cost": 40.0689424,
    "row_count": 227,
    "model_name": "gemini-2.5-flash",
    "concurrent_llm_worker": 20,
    "accuracy": 0.11255411255411255,
    "metric_type": "f1-score",
    "precision": 0.06046511627906977,
    "recall": 0.8125,
    "f1_score": 0.11255411255411255
  },
  "Q9": {
    "query_id": "9",
    "status": "success",
    "execution_time": 70.14621448516846,
    "token_usage": 3277355,
    "money_cost": 1.0418695,
    "row_count": 435,
    "model_name": "gemini-2.5-flash",
    "concurrent_llm_worker": 20,
    "accuracy": 0.4495575221238939,
    "metric_type": "f1-score",
    "precision": 0.2988235294117647,
    "recall": 0.9071428571428571,
    "f1_score": 0.4495575221238939
  }
}