{
  "Q10": {
    "query_id": "10",
    "status": "success",
    "execution_time": 730.9145886898041,
    "token_usage": 6899442,
    "money_cost": 2.1360107999999998,
    "row_count": 55,
    "model_name": "gemini-2.5-flash",
    "concurrent_llm_worker": 20,
    "accuracy": 0.0,
    "metric_type": "f1-score",
    "precision": 0.0,
    "recall": 0.0,
    "f1_score": 0.0
  },
  "Q11": {
    "query_id": "11",
    "status": "success",
    "execution_time": 1322.710904121399,
    "token_usage": 10027029,
    "money_cost": 3.1160671,
    "row_count": 7436,
    "model_name": "gemini-2.5-flash",
    "concurrent_llm_worker": 20,
    "accuracy": 0.6418786692759296,
    "metric_type": "f1-score",
    "precision": 0.5141065830721003,
    "recall": 0.8541666666666666,
    "f1_score": 0.6418786692759296
  },
  "Q14": {
    "query_id": "14",
    "status": "success",
    "execution_time": 850.3248162269592,
    "token_usage": 5096508,
    "money_cost": 1.5435582,
    "row_count": 2,
    "model_name": "gemini-2.5-flash",
    "concurrent_llm_worker": 20,
    "accuracy": 0.6666666666666666,
    "metric_type": "f1-score",
    "precision": 1.0,
    "recall": 0.5,
    "f1_score": 0.6666666666666666
  },
  "Q7": {
    "query_id": "7",
    "status": "success",
    "execution_time": 1847.7154731750488,
    "token_usage": 37077848,
    "money_cost": 11.479637799999999,
    "row_count": 1394,
    "model_name": "gemini-2.5-flash",
    "concurrent_llm_worker": 20,
    "accuracy": 0.2728116300649551,
    "metric_type": "f1-score",
    "precision": 0.3163558106169297,
    "recall": 0.2398042414355628,
    "f1_score": 0.2728116300649551
  },
  "Q8": {
    "query_id": "8",
    "status": "success",
    "execution_time": 3004.4326531887054,
    "token_usage": 73047008,
    "money_cost": 22.1253024,
    "row_count": 215,
    "model_name": "gemini-2.5-flash",
    "concurrent_llm_worker": 20,
    "accuracy": 0.11255411255411255,
    "metric_type": "f1-score",
    "precision": 0.06046511627906977,
    "recall": 0.8125,
    "f1_score": 0.11255411255411255
  },
  "Q9": {
    "query_id": "9",
    "status": "failed",
    "execution_time": 0.0,
    "error": "Sequence length must be less than max_position_embeddings (got `sequence length`: 328 and max_position_embeddings: 77",
    "row_count": 0,
    "model_name": "gemini-2.5-flash",
    "concurrent_llm_worker": 20,
    "accuracy": 0.0,
    "metric_type": "f1-score",
    "precision": 0.0,
    "recall": 0.0,
    "f1_score": 0.0
  }
}