{
  "Q1": {
    "query_id": "1",
    "status": "success",
    "execution_time": 34.617878675460815,
    "token_usage": 197680,
    "money_cost": 0.10781400000000001,
    "row_count": 5,
    "model_name": "gemini-2.5-flash",
    "concurrent_llm_worker": 20,
    "precision": 1.0,
    "recall": 1.0,
    "f1_score": 1.0
  },
  "Q7": {
    "query_id": "7",
    "status": "success",
    "execution_time": 256.22703742980957,
    "token_usage": 8543271,
    "money_cost": 3.4274031,
    "row_count": 40390,
    "model_name": "gemini-2.5-flash",
    "concurrent_llm_worker": 20,
    "precision": 0.5570789031897034,
    "recall": 0.9731182795698925,
    "f1_score": 0.7085409252669039
  }
}