{
  "Q10": {
    "query_id": "10",
    "status": "success",
    "execution_time": 417.31310272216797,
    "token_usage": 124526976,
    "money_cost": 38.571458799999995,
    "row_count": 967,
    "model_name": "gemini-2.5-flash",
    "concurrent_llm_worker": 20,
    "accuracy": 0.08455565142364106,
    "metric_type": "f1-score",
    "precision": 0.050672182006204755,
    "recall": 0.2552083333333333,
    "f1_score": 0.08455565142364106
  },
  "Q11": {
    "query_id": "11",
    "status": "success",
    "execution_time": 2017.2100219726562,
    "token_usage": 609736812,
    "money_cost": 189.5543296,
    "row_count": 4420,
    "model_name": "gemini-2.5-flash",
    "concurrent_llm_worker": 20,
    "accuracy": 0.6658739595719382,
    "metric_type": "f1-score",
    "precision": 0.6334841628959276,
    "recall": 0.7017543859649122,
    "f1_score": 0.6658739595719382
  },
  "Q14": {
    "query_id": "14",
    "status": "success",
    "execution_time": 70.86399006843567,
    "token_usage": 11073639,
    "money_cost": 3.3758399,
    "row_count": 4,
    "model_name": "gemini-2.5-flash",
    "concurrent_llm_worker": 20,
    "accuracy": 0.8571428571428571,
    "metric_type": "f1-score",
    "precision": 1.0,
    "recall": 0.75,
    "f1_score": 0.8571428571428571
  },
  "Q7": {
    "query_id": "7",
    "status": "success",
    "execution_time": 998.4272873401642,
    "token_usage": 191329917,
    "money_cost": 63.2290917,
    "row_count": 7515,
    "model_name": "gemini-2.5-flash",
    "concurrent_llm_worker": 20,
    "accuracy": 0.7854621309370988,
    "metric_type": "f1-score",
    "precision": 0.6513639387890885,
    "recall": 0.9890887047888463,
    "f1_score": 0.7854621309370988
  },
  "Q8": {
    "query_id": "8",
    "status": "success",
    "execution_time": 1295.920152425766,
    "token_usage": 454231885,
    "money_cost": 137.6498543,
    "row_count": 923,
    "model_name": "gemini-2.5-flash",
    "concurrent_llm_worker": 20,
    "accuracy": 0.08450704225352111,
    "metric_type": "f1-score",
    "precision": 0.04426229508196721,
    "recall": 0.9310344827586207,
    "f1_score": 0.08450704225352111
  },
  "Q9": {
    "query_id": "9",
    "status": "success",
    "execution_time": 119.98723030090332,
    "token_usage": 15743453,
    "money_cost": 5.004774499999999,
    "row_count": 1470,
    "model_name": "gemini-2.5-flash",
    "concurrent_llm_worker": 20,
    "accuracy": 0.4915413533834586,
    "metric_type": "f1-score",
    "precision": 0.359697386519945,
    "recall": 0.7759643916913946,
    "f1_score": 0.4915413533834586
  }
}