{
  "Q1": {
    "query_id": "1",
    "status": "success",
    "execution_time": 289.6980881690979,
    "token_usage": 16262804,
    "money_cost": 5.757562999999999,
    "row_count": 6758,
    "model_name": "gemini-2.5-flash",
    "concurrent_llm_worker": 20,
    "precision": 0.5423202130807931,
    "recall": 0.9576691925790436,
    "f1_score": 0.6924893717524799
  },
  "Q10": {
    "query_id": "10",
    "status": "success",
    "execution_time": 344.5847930908203,
    "token_usage": 33077862,
    "money_cost": 10.7930736,
    "row_count": 78635,
    "model_name": "gemini-2.5-flash",
    "concurrent_llm_worker": 20,
    "precision": 0.5876290008372501,
    "recall": 0.6412602433219162,
    "f1_score": 0.5740660919189295
  },
  "Q2": {
    "query_id": "2",
    "status": "success",
    "execution_time": 79.76909899711609,
    "token_usage": 56700,
    "money_cost": 0.04806,
    "row_count": 95,
    "model_name": "gemini-2.5-flash",
    "concurrent_llm_worker": 20,
    "precision": 0.042105263157894736,
    "recall": 1.0,
    "f1_score": 0.08080808080808081
  },
  "Q3": {
    "query_id": "3",
    "status": "success",
    "execution_time": 79.83950781822205,
    "token_usage": 21989438,
    "money_cost": 6.7629864,
    "row_count": 10,
    "model_name": "gemini-2.5-flash",
    "concurrent_llm_worker": 20,
    "precision": 1.0,
    "recall": 1.0,
    "f1_score": 1.0
  },
  "Q4": {
    "query_id": "4",
    "status": "success",
    "execution_time": 339.0809304714203,
    "token_usage": 15869054,
    "money_cost": 5.638173,
    "row_count": 1,
    "model_name": "gemini-2.5-flash",
    "concurrent_llm_worker": 20,
    "relative_error": 0.0051364136494870755,
    "absolute_error": 0.06924129459321193,
    "mean_absolute_percentage_error": 0.5136413649487076
  },
  "Q5": {
    "query_id": "5",
    "status": "success",
    "execution_time": 168.83773469924927,
    "token_usage": 29615831,
    "money_cost": 9.1398165,
    "row_count": 1,
    "model_name": "gemini-2.5-flash",
    "concurrent_llm_worker": 20,
    "relative_error": 0.6153846153846154,
    "absolute_error": 8.0,
    "mean_absolute_percentage_error": 61.53846153846154
  },
  "Q6": {
    "query_id": "6",
    "status": "success",
    "execution_time": 136.87915706634521,
    "token_usage": 25171357,
    "money_cost": 7.921356100000001,
    "row_count": 7516,
    "model_name": "gemini-2.5-flash",
    "concurrent_llm_worker": 20,
    "precision": 0.9568919638105375,
    "recall": 0.9658877249529949,
    "f1_score": 0.9613688009624383
  },
  "Q7": {
    "query_id": "7",
    "status": "success",
    "execution_time": 484.7215311527252,
    "token_usage": 42908150,
    "money_cost": 13.9902246,
    "row_count": 54008,
    "model_name": "gemini-2.5-flash",
    "concurrent_llm_worker": 20,
    "precision": 0.28701303510591025,
    "recall": 0.9701464513706346,
    "f1_score": 0.44297430914754377
  },
  "Q8": {
    "query_id": "8",
    "status": "success",
    "execution_time": 118.75464701652527,
    "token_usage": 22036952,
    "money_cost": 6.7766839999999995,
    "row_count": 100,
    "model_name": "gemini-2.5-flash",
    "concurrent_llm_worker": 20,
    "precision": 0.23,
    "recall": 0.23,
    "f1_score": 0.23
  },
  "Q9": {
    "query_id": "9",
    "status": "success",
    "execution_time": 30.764574766159058,
    "token_usage": 391415,
    "money_cost": 0.1303505,
    "row_count": 53,
    "model_name": "gemini-2.5-flash",
    "concurrent_llm_worker": 20,
    "precision": 0.018867924528301886,
    "recall": 1.0,
    "f1_score": 0.037037037037037035
  }
}