{
  "Q1": {
    "query_id": "1",
    "status": "success",
    "execution_time": 50.53741669654846,
    "token_usage": 432845,
    "money_cost": 0.2316607,
    "row_count": 5,
    "model_name": "gemini-2.5-flash",
    "concurrent_llm_worker": 20,
    "precision": 1.0,
    "recall": 1.0,
    "f1_score": 1.0
  },
  "Q7": {
    "query_id": "7",
    "status": "success",
    "execution_time": 215.74645113945007,
    "token_usage": 8530508,
    "money_cost": 3.3954956,
    "row_count": 39604,
    "model_name": "gemini-2.5-flash",
    "concurrent_llm_worker": 20,
    "precision": 0.5597046713048417,
    "recall": 0.9633431085043989,
    "f1_score": 0.7080377189043556
  }
}