{
  "Q1": {
    "query_id": "1",
    "status": "success",
    "execution_time": 51.73764657974243,
    "token_usage": 823555,
    "money_cost": 0.41678550000000003,
    "row_count": 5,
    "model_name": "gemini-2.5-flash",
    "concurrent_llm_worker": 20,
    "precision": 1.0,
    "recall": 1.0,
    "f1_score": 1.0
  },
  "Q10": {
    "query_id": "10",
    "status": "success",
    "execution_time": 57.05028581619263,
    "token_usage": 5119643,
    "money_cost": 1.7237333,
    "row_count": 172,
    "model_name": "gemini-2.5-flash",
    "concurrent_llm_worker": 20,
    "spearman_correlation": 0.42194000021855155,
    "kendall_tau": 0.2882960732160498
  },
  "Q2": {
    "query_id": "2",
    "status": "success",
    "execution_time": 10.249223709106445,
    "token_usage": 5790,
    "money_cost": 0.0030020000000000003,
    "row_count": 5,
    "model_name": "gemini-2.5-flash",
    "concurrent_llm_worker": 20,
    "precision": 1.0,
    "recall": 1.0,
    "f1_score": 1.0
  },
  "Q3": {
    "query_id": "3",
    "status": "success",
    "execution_time": 11.206663131713867,
    "token_usage": 6032,
    "money_cost": 0.0031295999999999997,
    "row_count": 1,
    "model_name": "gemini-2.5-flash",
    "concurrent_llm_worker": 20,
    "relative_error": 0.5714285714285714,
    "absolute_error": 8.0,
    "mean_absolute_percentage_error": 57.14285714285714
  },
  "Q4": {
    "query_id": "4",
    "status": "success",
    "execution_time": 11.16146993637085,
    "token_usage": 6032,
    "money_cost": 0.0031295999999999997,
    "row_count": 1,
    "model_name": "gemini-2.5-flash",
    "concurrent_llm_worker": 20,
    "relative_error": 0.5714285969734192,
    "absolute_error": 0.06666666716337204,
    "mean_absolute_percentage_error": 57.14285969734192
  },
  "Q5": {
    "query_id": "5",
    "status": "success",
    "execution_time": 129.1185085773468,
    "token_usage": 2638822,
    "money_cost": 1.0115454000000001,
    "row_count": 10,
    "model_name": "gemini-2.5-flash",
    "concurrent_llm_worker": 20,
    "precision": 1.0,
    "recall": 0.9,
    "f1_score": 0.9473684210526316
  },
  "Q6": {
    "query_id": "6",
    "status": "success",
    "execution_time": 54.96436071395874,
    "token_usage": 2620077,
    "money_cost": 1.0085641,
    "row_count": 10,
    "model_name": "gemini-2.5-flash",
    "concurrent_llm_worker": 20,
    "precision": 0.7777777777777778,
    "recall": 0.7,
    "f1_score": 0.7368421052631577
  },
  "Q7": {
    "query_id": "7",
    "status": "success",
    "execution_time": 135.51763677597046,
    "token_usage": 0,
    "money_cost": 0.0,
    "row_count": 36236,
    "model_name": "gemini-2.5-flash",
    "concurrent_llm_worker": 20,
    "precision": 0.6062647356012125,
    "recall": 0.8797653958944281,
    "f1_score": 0.7178464606181456
  },
  "Q8": {
    "query_id": "8",
    "status": "success",
    "execution_time": 11.49576735496521,
    "token_usage": 0,
    "money_cost": 0.0,
    "row_count": 2,
    "model_name": "gemini-2.5-flash",
    "concurrent_llm_worker": 20,
    "relative_error": 0.32345013477088946,
    "absolute_error": 16.0,
    "mean_absolute_percentage_error": 32.34501347708895
  },
  "Q9": {
    "query_id": "9",
    "status": "success",
    "execution_time": 18.268688440322876,
    "token_usage": 0,
    "money_cost": 0.0,
    "row_count": 256,
    "model_name": "gemini-2.5-flash",
    "concurrent_llm_worker": 20,
    "spearman_correlation": 0.7603772930215544,
    "kendall_tau": 0.6629551641720655
  }
}