{
  "Q1": {
    "query_id": "1",
    "status": "success",
    "execution_time": 622.8133368492126,
    "token_usage": 8517490,
    "money_cost": 3.0186593999999998,
    "row_count": 3335,
    "model_name": "gemini-2.5-flash",
    "concurrent_llm_worker": 20,
    "precision": 0.5544227886056972,
    "recall": 0.9625195210827694,
    "f1_score": 0.7035768645357686
  },
  "Q10": {
    "query_id": "10",
    "status": "success",
    "execution_time": 596.8212308883667,
    "token_usage": 16512957,
    "money_cost": 5.3893353,
    "row_count": 39315,
    "model_name": "gemini-2.5-flash",
    "concurrent_llm_worker": 20,
    "precision": 0.5872835164360142,
    "recall": 0.6390206383145666,
    "f1_score": 0.5741708959548036
  },
  "Q2": {
    "query_id": "2",
    "status": "success",
    "execution_time": 19.36896800994873,
    "token_usage": 28476,
    "money_cost": 0.0241368,
    "row_count": 45,
    "model_name": "gemini-2.5-flash",
    "concurrent_llm_worker": 20,
    "precision": 0.044444444444444446,
    "recall": 1.0,
    "f1_score": 0.0851063829787234
  },
  "Q3": {
    "query_id": "3",
    "status": "success",
    "execution_time": 95.77235865592957,
    "token_usage": 11029974,
    "money_cost": 3.391842,
    "row_count": 10,
    "model_name": "gemini-2.5-flash",
    "concurrent_llm_worker": 20,
    "precision": 1.0,
    "recall": 1.0,
    "f1_score": 1.0
  },
  "Q4": {
    "query_id": "4",
    "status": "success",
    "execution_time": 390.294429063797,
    "token_usage": 7909019,
    "money_cost": 2.8117729000000002,
    "row_count": 1,
    "model_name": "gemini-2.5-flash",
    "concurrent_llm_worker": 20,
    "relative_error": 7.466787466688397e-05,
    "absolute_error": 0.0010087525843136547,
    "mean_absolute_percentage_error": 0.007466787466688397
  },
  "Q5": {
    "query_id": "5",
    "status": "success",
    "execution_time": 76.99426674842834,
    "token_usage": 11798709,
    "money_cost": 3.6437391,
    "row_count": 1,
    "model_name": "gemini-2.5-flash",
    "concurrent_llm_worker": 20,
    "relative_error": 0.0,
    "absolute_error": 0.0,
    "mean_absolute_percentage_error": 0.0
  },
  "Q6": {
    "query_id": "6",
    "status": "success",
    "execution_time": 68.38556408882141,
    "token_usage": 12665643,
    "money_cost": 3.9848651,
    "row_count": 3785,
    "model_name": "gemini-2.5-flash",
    "concurrent_llm_worker": 20,
    "precision": 0.9590488771466315,
    "recall": 0.9649122807017544,
    "f1_score": 0.9619716443619982
  },
  "Q7": {
    "query_id": "7",
    "status": "success",
    "execution_time": 180.3076548576355,
    "token_usage": 19264237,
    "money_cost": 6.321241499999999,
    "row_count": 27124,
    "model_name": "gemini-2.5-flash",
    "concurrent_llm_worker": 20,
    "precision": 0.2867202477510692,
    "recall": 0.971760589778833,
    "f1_score": 0.4427932929085889
  },
  "Q8": {
    "query_id": "8",
    "status": "success",
    "execution_time": 89.35604524612427,
    "token_usage": 11076396,
    "money_cost": 3.4055771999999997,
    "row_count": 100,
    "model_name": "gemini-2.5-flash",
    "concurrent_llm_worker": 20,
    "precision": 0.17,
    "recall": 0.17,
    "f1_score": 0.17
  },
  "Q9": {
    "query_id": "9",
    "status": "success",
    "execution_time": 14.6736478805542,
    "token_usage": 197305,
    "money_cost": 0.06568629999999999,
    "row_count": 25,
    "model_name": "gemini-2.5-flash",
    "concurrent_llm_worker": 20,
    "precision": 0.0,
    "recall": 0.0,
    "f1_score": 0.0
  }
}