{
  "Q7": {
    "query_id": "7",
    "status": "success",
    "execution_time": 545.0672497749329,
    "token_usage": 10141900,
    "money_cost": 3.1085700000000003,
    "row_count": 8,
    "model_name": "gemini-2.5-flash",
    "concurrent_llm_worker": 20,
    "precision": 0.7142857142857143,
    "recall": 1.0,
    "f1_score": 0.8333333333333333
  }
}