{
  "Q1": {
    "query_id": "1",
    "status": "success",
    "execution_time": 21.29300022125244,
    "token_usage": 51788,
    "money_cost": 0.0274054,
    "row_count": 5,
    "model_name": "gemini-2.5-flash",
    "concurrent_llm_worker": 20,
    "precision": 1.0,
    "recall": 1.0,
    "f1_score": 1.0
  },
  "Q7": {
    "query_id": "7",
    "status": "success",
    "execution_time": 262.37525391578674,
    "token_usage": 9281565,
    "money_cost": 3.7157361,
    "row_count": 40197,
    "model_name": "gemini-2.5-flash",
    "concurrent_llm_worker": 20,
    "precision": 0.5559748427672956,
    "recall": 0.9721407624633431,
    "f1_score": 0.7073886369698587
  }
}