{
  "Q1": {
    "query_id": "1",
    "status": "success",
    "execution_time": 2.576375961303711,
    "token_usage": 3441.0,
    "money_cost": 0.0011312999999999998,
    "row_count": 5,
    "model_name": "gemini-2.5-flash",
    "concurrent_llm_worker": 20,
    "precision": 1.0,
    "recall": 1.0,
    "f1_score": 1.0
  },
  "Q7": {
    "query_id": "7",
    "status": "success",
    "execution_time": 1725.7509665489197,
    "token_usage": 24287232.0,
    "money_cost": 7.71870719999977,
    "row_count": 17108,
    "model_name": "gemini-2.5-flash",
    "concurrent_llm_worker": 20,
    "precision": 0.7413240790176188,
    "recall": 0.6786412512218963,
    "f1_score": 0.7085991324317428
  }
}