{
  "Q6": {
    "query_id": "6",
    "status": "success",
    "execution_time": 55.63806080818176,
    "token_usage": 2592114,
    "money_cost": 1.0012862,
    "row_count": 10,
    "model_name": "gemini-2.5-flash",
    "concurrent_llm_worker": 20,
    "precision": 0.5555555555555556,
    "recall": 0.5,
    "f1_score": 0.5263157894736842
  }
}